{
  "probability": "2024-01-01",
  "about": "Game Of Ur Is A 2 Player Strategy Game",
  "templates": {
    "defaults": {
      "scale": [
        30,
        30,
        30
      ]
    }
  },
  "states": [
    {
      "name": "Default gamestate",
      "children": [
        {
          "locked": true,
          "name": "Ur Board",
          "position": [
            0,
            0,
            0
          ],
          "rotation": [
            0,
            90,
            0
          ],
          "scale": [
            0.0005,
            0.0005,
            0.0005
          ],
          "src": "assets/UR_Board.glb",
          "template": "defaults",
          "children": [
            {
              "name": "White 1",
              "position": [
                0.4,
                0.015,
                -0.1
              ],
              "rotation": [
                0,
                0,
                0
              ],
              "src": "assets/White_Token.glb",
              "template": "defaults"
            },
            {
              "name": "White 2",
              "position": [
                0.4,
                0.015,
                0
              ],
              "rotation": [
                0,
                0,
                0
              ],
              "src": "assets/White_Token.glb",
              "template": "defaults"
            },
            {
              "name": "White 3",
              "position": [
                0.4,
                0.015,
                0.1
              ],
              "rotation": [
                0,
                0,
                0
              ],
              "src": "assets/White_Token.glb",
              "template": "defaults"
            },
            {
              "name": "White 4",
              "position": [
                0.4,
                0.015,
                0.2
              ],
              "rotation": [
                0,
                0,
                0
              ],
              "src": "assets/White_Token.glb",
              "template": "defaults"
            },
            {
              "name": "White 5",
              "position": [
                0.4,
                0.015,
                0.2
              ],
              "rotation": [
                0,
                0,
                0
              ],
              "src": "assets/White_Token.glb",
              "template": "defaults"
            },
            {
              "name": "Black 1",
              "position": [
                -0.4,
                0.015,
                -0.1
              ],
              "rotation": [
                0,
                0,
                0
              ],
              "src": "assets/Black_Token.glb",
              "template": "defaults"
            },
            {
              "name": "Black 2",
              "position": [
                -0.4,
                0.015,
                0
              ],
              "rotation": [
                0,
                0,
                0
              ],
              "src": "assets/Black_Token.glb",
              "template": "defaults"
            },
            {
              "name": "Black 3",
              "position": [
                -0.4,
                0.015,
                0.1
              ],
              "rotation": [
                0,
                0,
                0
              ],
              "src": "assets/Black_Token.glb",
              "template": "defaults"
            },
            {
              "name": "Black 4",
              "position": [
                -0.4,
                0.015,
                0.2
              ],
              "rotation": [
                0,
                0,
                0
              ],
              "src": "assets/Black_Token.glb",
              "template": "defaults"
            },
            {
              "name": "Black 5",
              "position": [
                -0.4,
                0.015,
                0.2
              ],
              "rotation": [
                0,
                0,
                0
              ],
              "src": "assets/Black_Token.glb",
              "template": "defaults"
            }
          ]
        }
      ]
    }
  ]
}